[{"pk": 1, "model": "BrokerEngine.user", "fields": {"saldo": "10000", "name": "Usu\u00e1rio_01"}},
{"pk": 2, "model": "BrokerEngine.user", "fields": {"saldo": "12045.2", "name": "Usu\u00e1rio_01"}},
{"pk": 3, "model": "BrokerEngine.user", "fields": {"saldo": "23456", "name": "Paf\u00fancio"}},
{"pk": 4, "model": "BrokerEngine.user", "fields": {"saldo": "99999610.594", "name": "Joselito"}},
{"pk": 5, "model": "BrokerEngine.user", "fields": {"saldo": "174.306", "name": "Z\u00e9 Pobreta"}},
{"pk": 6, "model": "BrokerEngine.user", "fields": {"saldo": "889", "name": "Aleat\u00f3rio_01"}},
{"pk": 7, "model": "BrokerEngine.user", "fields": {"saldo": "8807", "name": "Aleat\u00f3rio_02"}},
{"pk": 8, "model": "BrokerEngine.user", "fields": {"saldo": "2969", "name": "Aleat\u00f3rio_03"}},
{"pk": 1, "model": "BrokerEngine.stock", "fields": {"ticker": "BRA", "name": "Brazil"}},
{"pk": 2, "model": "BrokerEngine.stock", "fields": {"ticker": "CRO", "name": "Croatia"}},
{"pk": 3, "model": "BrokerEngine.stock", "fields": {"ticker": "MEX", "name": "Mexico"}},
{"pk": 4, "model": "BrokerEngine.stock", "fields": {"ticker": "CMR", "name": "Cameroon"}},
{"pk": 5, "model": "BrokerEngine.stock", "fields": {"ticker": "ESP", "name": "Spain"}},
{"pk": 6, "model": "BrokerEngine.stock", "fields": {"ticker": "NED", "name": "Netherlands"}},
{"pk": 7, "model": "BrokerEngine.stock", "fields": {"ticker": "CHI", "name": "Chile"}},
{"pk": 8, "model": "BrokerEngine.stock", "fields": {"ticker": "AUS", "name": "Australia"}},
{"pk": 9, "model": "BrokerEngine.stock", "fields": {"ticker": "COL", "name": "Colombia"}},
{"pk": 10, "model": "BrokerEngine.stock", "fields": {"ticker": "GRE", "name": "Greece"}},
{"pk": 11, "model": "BrokerEngine.stock", "fields": {"ticker": "CIV", "name": "C\u00f4te d'Ivoire"}},
{"pk": 12, "model": "BrokerEngine.stock", "fields": {"ticker": "JPN", "name": "Japan"}},
{"pk": 13, "model": "BrokerEngine.stock", "fields": {"ticker": "URU", "name": "Uruguay"}},
{"pk": 14, "model": "BrokerEngine.stock", "fields": {"ticker": "CRC", "name": "Costa Rica"}},
{"pk": 15, "model": "BrokerEngine.stock", "fields": {"ticker": "ENG", "name": "England"}},
{"pk": 16, "model": "BrokerEngine.stock", "fields": {"ticker": "ITA", "name": "Italy"}},
{"pk": 17, "model": "BrokerEngine.stock", "fields": {"ticker": "SUI", "name": "Switzerland"}},
{"pk": 18, "model": "BrokerEngine.stock", "fields": {"ticker": "ECU", "name": "Ecuador"}},
{"pk": 19, "model": "BrokerEngine.stock", "fields": {"ticker": "FRA", "name": "France"}},
{"pk": 20, "model": "BrokerEngine.stock", "fields": {"ticker": "HON", "name": "Honduras"}},
{"pk": 21, "model": "BrokerEngine.stock", "fields": {"ticker": "ARG", "name": "Argentina"}},
{"pk": 22, "model": "BrokerEngine.stock", "fields": {"ticker": "BIH", "name": "Bosnia-Herzegovina"}},
{"pk": 23, "model": "BrokerEngine.stock", "fields": {"ticker": "IRN", "name": "Iran"}},
{"pk": 24, "model": "BrokerEngine.stock", "fields": {"ticker": "NGA", "name": "Nigeria"}},
{"pk": 25, "model": "BrokerEngine.stock", "fields": {"ticker": "GER", "name": "Germany"}},
{"pk": 26, "model": "BrokerEngine.stock", "fields": {"ticker": "POR", "name": "Portugal"}},
{"pk": 27, "model": "BrokerEngine.stock", "fields": {"ticker": "GHA", "name": "Ghana"}},
{"pk": 28, "model": "BrokerEngine.stock", "fields": {"ticker": "USA", "name": "United States of America"}},
{"pk": 29, "model": "BrokerEngine.stock", "fields": {"ticker": "BEL", "name": "Belgium"}},
{"pk": 30, "model": "BrokerEngine.stock", "fields": {"ticker": "ALG", "name": "Algeria"}},
{"pk": 31, "model": "BrokerEngine.stock", "fields": {"ticker": "RUS", "name": "Russia"}},
{"pk": 32, "model": "BrokerEngine.stock", "fields": {"ticker": "KOR", "name": "Korea Republic"}},
{"pk": 1, "model": "BrokerEngine.order", "fields": {"status": "F", "original_qty": 100, "cancel_reason": "", "tipo": "C", "value": "10", "qty": 0, "user": 3, "included": "2013-10-21T06:03:50.830Z", "stock": 3}},
{"pk": 2, "model": "BrokerEngine.order", "fields": {"status": "F", "original_qty": 100, "cancel_reason": "", "tipo": "C", "value": "100", "qty": 0, "user": 3, "included": "2013-10-21T06:03:59.128Z", "stock": 3}},
{"pk": 3, "model": "BrokerEngine.order", "fields": {"status": "F", "original_qty": 100, "cancel_reason": "", "tipo": "V", "value": "10", "qty": 0, "user": 1, "included": "2013-10-21T06:04:25.575Z", "stock": 3}},
{"pk": 4, "model": "BrokerEngine.order", "fields": {"status": "F", "original_qty": 100, "cancel_reason": "", "tipo": "V", "value": "10", "qty": 0, "user": 1, "included": "2013-10-21T06:04:41.775Z", "stock": 3}},
{"pk": 5, "model": "BrokerEngine.order", "fields": {"status": "P", "original_qty": 19, "cancel_reason": "", "tipo": "C", "value": "12.681", "qty": 5, "user": 1, "included": "2013-10-21T06:05:18.867Z", "stock": 1}},
{"pk": 6, "model": "BrokerEngine.order", "fields": {"status": "F", "original_qty": 14, "cancel_reason": "", "tipo": "V", "value": "12.152", "qty": 0, "user": 2, "included": "2013-10-21T06:05:18.954Z", "stock": 1}},
{"pk": 7, "model": "BrokerEngine.order", "fields": {"status": "F", "original_qty": 5, "cancel_reason": "", "tipo": "V", "value": "10.593", "qty": 0, "user": 3, "included": "2013-10-21T06:05:19.238Z", "stock": 2}},
{"pk": 8, "model": "BrokerEngine.order", "fields": {"status": "A", "original_qty": 17, "cancel_reason": "", "tipo": "C", "value": "12.666", "qty": 17, "user": 4, "included": "2013-10-21T06:05:19.320Z", "stock": 3}},
{"pk": 9, "model": "BrokerEngine.order", "fields": {"status": "F", "original_qty": 9, "cancel_reason": "", "tipo": "V", "value": "18.034", "qty": 0, "user": 5, "included": "2013-10-21T06:05:19.394Z", "stock": 3}},
{"pk": 10, "model": "BrokerEngine.order", "fields": {"status": "A", "original_qty": 5, "cancel_reason": "", "tipo": "C", "value": "7.263", "qty": 5, "user": 6, "included": "2013-10-21T06:05:19.473Z", "stock": 1}},
{"pk": 11, "model": "BrokerEngine.order", "fields": {"status": "F", "original_qty": 11, "cancel_reason": "", "tipo": "C", "value": "10.246", "qty": 0, "user": 7, "included": "2013-10-21T06:05:19.571Z", "stock": 2}},
{"pk": 12, "model": "BrokerEngine.order", "fields": {"status": "N", "original_qty": 3, "cancel_reason": "", "tipo": "V", "value": "7.606", "qty": 3, "user": 1, "included": "2013-10-21T06:05:19.685Z", "stock": 3}},
{"pk": 13, "model": "BrokerEngine.order", "fields": {"status": "F", "original_qty": 14, "cancel_reason": "", "tipo": "V", "value": "12.96", "qty": 0, "user": 2, "included": "2013-10-21T06:05:19.733Z", "stock": 1}},
{"pk": 14, "model": "BrokerEngine.order", "fields": {"status": "A", "original_qty": 15, "cancel_reason": "", "tipo": "C", "value": "10.804", "qty": 15, "user": 3, "included": "2013-10-21T06:05:19.850Z", "stock": 1}},
{"pk": 15, "model": "BrokerEngine.order", "fields": {"status": "A", "original_qty": 12, "cancel_reason": "", "tipo": "C", "value": "12.779", "qty": 12, "user": 4, "included": "2013-10-21T06:05:19.975Z", "stock": 1}},
{"pk": 16, "model": "BrokerEngine.order", "fields": {"status": "F", "original_qty": 7, "cancel_reason": "", "tipo": "V", "value": "10.09", "qty": 0, "user": 5, "included": "2013-10-21T06:05:20.049Z", "stock": 2}},
{"pk": 17, "model": "BrokerEngine.order", "fields": {"status": "P", "original_qty": 12, "cancel_reason": "", "tipo": "V", "value": "13.209", "qty": 11, "user": 6, "included": "2013-10-21T06:05:20.324Z", "stock": 2}},
{"pk": 18, "model": "BrokerEngine.order", "fields": {"status": "A", "original_qty": 20, "cancel_reason": "", "tipo": "C", "value": "12.773", "qty": 20, "user": 7, "included": "2013-10-21T06:05:20.359Z", "stock": 1}},
{"pk": 19, "model": "BrokerEngine.order", "fields": {"status": "N", "original_qty": 12, "cancel_reason": "", "tipo": "V", "value": "9.439", "qty": 12, "user": 1, "included": "2013-10-21T06:05:20.518Z", "stock": 3}},
{"pk": 20, "model": "BrokerEngine.order", "fields": {"status": "N", "original_qty": 9, "cancel_reason": "", "tipo": "V", "value": "9.049", "qty": 9, "user": 2, "included": "2013-10-21T06:05:20.554Z", "stock": 3}},
{"pk": 21, "model": "BrokerEngine.order", "fields": {"status": "N", "original_qty": 15, "cancel_reason": "", "tipo": "V", "value": "7.189", "qty": 15, "user": 3, "included": "2013-10-21T06:05:20.593Z", "stock": 3}},
{"pk": 22, "model": "BrokerEngine.order", "fields": {"status": "N", "original_qty": 8, "cancel_reason": "", "tipo": "C", "value": "9.955", "qty": 8, "user": 4, "included": "2013-10-21T06:05:20.625Z", "stock": 3}},
{"pk": 23, "model": "BrokerEngine.order", "fields": {"status": "N", "original_qty": 5, "cancel_reason": "", "tipo": "V", "value": "7.453", "qty": 5, "user": 5, "included": "2013-10-21T06:05:20.656Z", "stock": 1}},
{"pk": 24, "model": "BrokerEngine.order", "fields": {"status": "N", "original_qty": 5, "cancel_reason": "", "tipo": "V", "value": "10.357", "qty": 5, "user": 6, "included": "2013-10-21T06:05:20.704Z", "stock": 1}},
{"pk": 25, "model": "BrokerEngine.order", "fields": {"status": "N", "original_qty": 3, "cancel_reason": "", "tipo": "V", "value": "11.047", "qty": 3, "user": 7, "included": "2013-10-21T06:05:20.743Z", "stock": 1}},
{"pk": 26, "model": "BrokerEngine.order", "fields": {"status": "F", "original_qty": 7, "cancel_reason": "", "tipo": "C", "value": "12.317", "qty": 0, "user": 1, "included": "2013-10-21T06:05:20.807Z", "stock": 2}},
{"pk": 27, "model": "BrokerEngine.order", "fields": {"status": "F", "original_qty": 1, "cancel_reason": "", "tipo": "V", "value": "8.81", "qty": 0, "user": 2, "included": "2013-10-21T06:05:21.190Z", "stock": 2}},
{"pk": 28, "model": "BrokerEngine.order", "fields": {"status": "A", "original_qty": 17, "cancel_reason": "", "tipo": "C", "value": "1.739", "qty": 17, "user": 3, "included": "2013-10-21T06:05:21.428Z", "stock": 2}},
{"pk": 29, "model": "BrokerEngine.order", "fields": {"status": "A", "original_qty": 9, "cancel_reason": "", "tipo": "V", "value": "14.673", "qty": 9, "user": 4, "included": "2013-10-21T06:05:21.512Z", "stock": 2}},
{"pk": 30, "model": "BrokerEngine.order", "fields": {"status": "N", "original_qty": 6, "cancel_reason": "", "tipo": "C", "value": "2.908", "qty": 6, "user": 5, "included": "2013-10-21T06:05:21.592Z", "stock": 3}},
{"pk": 31, "model": "BrokerEngine.order", "fields": {"status": "A", "original_qty": 17, "cancel_reason": "", "tipo": "V", "value": "15.006", "qty": 17, "user": 6, "included": "2013-10-21T06:05:21.631Z", "stock": 2}},
{"pk": 32, "model": "BrokerEngine.order", "fields": {"status": "N", "original_qty": 19, "cancel_reason": "", "tipo": "V", "value": "9.564", "qty": 19, "user": 7, "included": "2013-10-21T06:05:21.715Z", "stock": 3}},
{"pk": 33, "model": "BrokerEngine.order", "fields": {"status": "N", "original_qty": 20, "cancel_reason": "", "tipo": "C", "value": "7.493", "qty": 20, "user": 1, "included": "2013-10-21T06:05:21.779Z", "stock": 1}},
{"pk": 34, "model": "BrokerEngine.order", "fields": {"status": "F", "original_qty": 17, "cancel_reason": "", "tipo": "C", "value": "10.84", "qty": 0, "user": 2, "included": "2013-10-21T06:05:21.819Z", "stock": 2}},
{"pk": 35, "model": "BrokerEngine.order", "fields": {"status": "N", "original_qty": 14, "cancel_reason": "", "tipo": "V", "value": "8.631", "qty": 14, "user": 3, "included": "2013-10-21T06:05:21.899Z", "stock": 3}},
{"pk": 36, "model": "BrokerEngine.order", "fields": {"status": "N", "original_qty": 20, "cancel_reason": "", "tipo": "V", "value": "10.278", "qty": 20, "user": 4, "included": "2013-10-21T06:05:21.928Z", "stock": 1}},
{"pk": 37, "model": "BrokerEngine.order", "fields": {"status": "N", "original_qty": 9, "cancel_reason": "", "tipo": "V", "value": "7.698", "qty": 9, "user": 5, "included": "2013-10-21T06:05:21.974Z", "stock": 1}},
{"pk": 38, "model": "BrokerEngine.order", "fields": {"status": "F", "original_qty": 1, "cancel_reason": "", "tipo": "C", "value": "14.177", "qty": 0, "user": 6, "included": "2013-10-21T06:05:22.016Z", "stock": 2}},
{"pk": 39, "model": "BrokerEngine.order", "fields": {"status": "N", "original_qty": 12, "cancel_reason": "", "tipo": "V", "value": "7.592", "qty": 12, "user": 7, "included": "2013-10-21T06:05:22.295Z", "stock": 1}},
{"pk": 40, "model": "BrokerEngine.order", "fields": {"status": "F", "original_qty": 14, "cancel_reason": "", "tipo": "V", "value": "7.786", "qty": 0, "user": 1, "included": "2013-10-21T06:05:22.340Z", "stock": 2}},
{"pk": 41, "model": "BrokerEngine.order", "fields": {"status": "F", "original_qty": 1, "cancel_reason": "", "tipo": "C", "value": "12.275", "qty": 0, "user": 2, "included": "2013-10-21T06:05:22.489Z", "stock": 2}},
{"pk": 42, "model": "BrokerEngine.order", "fields": {"status": "P", "original_qty": 19, "cancel_reason": "", "tipo": "V", "value": "11.408", "qty": 18, "user": 3, "included": "2013-10-21T06:05:22.520Z", "stock": 2}},
{"pk": 43, "model": "BrokerEngine.order", "fields": {"status": "F", "original_qty": 18, "cancel_reason": "", "tipo": "V", "value": "9.604", "qty": 0, "user": 4, "included": "2013-10-21T06:05:22.553Z", "stock": 2}},
{"pk": 44, "model": "BrokerEngine.order", "fields": {"status": "N", "original_qty": 3, "cancel_reason": "", "tipo": "C", "value": "7.561", "qty": 3, "user": 5, "included": "2013-10-21T06:05:22.597Z", "stock": 3}},
{"pk": 45, "model": "BrokerEngine.order", "fields": {"status": "F", "original_qty": 1, "cancel_reason": "", "tipo": "V", "value": "7.857", "qty": 0, "user": 6, "included": "2013-10-21T06:05:22.686Z", "stock": 2}},
{"pk": 46, "model": "BrokerEngine.order", "fields": {"status": "N", "original_qty": 9, "cancel_reason": "", "tipo": "V", "value": "11.446", "qty": 9, "user": 7, "included": "2013-10-21T06:05:22.725Z", "stock": 1}},
{"pk": 47, "model": "BrokerEngine.order", "fields": {"status": "N", "original_qty": 11, "cancel_reason": "", "tipo": "C", "value": "16.13", "qty": 11, "user": 1, "included": "2013-10-21T06:05:23.616Z", "stock": 3}},
{"pk": 48, "model": "BrokerEngine.order", "fields": {"status": "N", "original_qty": 7, "cancel_reason": "", "tipo": "V", "value": "11.292", "qty": 7, "user": 2, "included": "2013-10-21T06:05:23.649Z", "stock": 1}},
{"pk": 49, "model": "BrokerEngine.order", "fields": {"status": "A", "original_qty": 10, "cancel_reason": "", "tipo": "V", "value": "11.983", "qty": 10, "user": 3, "included": "2013-10-21T06:05:23.689Z", "stock": 2}},
{"pk": 50, "model": "BrokerEngine.order", "fields": {"status": "N", "original_qty": 14, "cancel_reason": "", "tipo": "V", "value": "9.518", "qty": 14, "user": 4, "included": "2013-10-21T06:05:23.770Z", "stock": 1}},
{"pk": 51, "model": "BrokerEngine.order", "fields": {"status": "A", "original_qty": 13, "cancel_reason": "", "tipo": "V", "value": "13.652", "qty": 13, "user": 5, "included": "2013-10-21T06:05:23.805Z", "stock": 2}},
{"pk": 52, "model": "BrokerEngine.order", "fields": {"status": "N", "original_qty": 15, "cancel_reason": "", "tipo": "V", "value": "7.507", "qty": 15, "user": 6, "included": "2013-10-21T06:05:23.887Z", "stock": 3}},
{"pk": 53, "model": "BrokerEngine.order", "fields": {"status": "N", "original_qty": 20, "cancel_reason": "", "tipo": "V", "value": "15.279", "qty": 20, "user": 7, "included": "2013-10-21T06:05:23.931Z", "stock": 3}},
{"pk": 54, "model": "BrokerEngine.order", "fields": {"status": "N", "original_qty": 19, "cancel_reason": "", "tipo": "C", "value": "5.703", "qty": 19, "user": 1, "included": "2013-10-21T06:05:23.987Z", "stock": 3}},
{"pk": 55, "model": "BrokerEngine.order", "fields": {"status": "N", "original_qty": 17, "cancel_reason": "", "tipo": "C", "value": "12.542", "qty": 17, "user": 2, "included": "2013-10-21T06:05:24.019Z", "stock": 3}},
{"pk": 56, "model": "BrokerEngine.order", "fields": {"status": "F", "original_qty": 14, "cancel_reason": "", "tipo": "V", "value": "5.987", "qty": 0, "user": 3, "included": "2013-10-21T06:05:24.057Z", "stock": 2}},
{"pk": 57, "model": "BrokerEngine.order", "fields": {"status": "F", "original_qty": 1, "cancel_reason": "", "tipo": "C", "value": "9.771", "qty": 0, "user": 4, "included": "2013-10-21T06:05:24.130Z", "stock": 2}},
{"pk": 58, "model": "BrokerEngine.order", "fields": {"status": "N", "original_qty": 18, "cancel_reason": "", "tipo": "V", "value": "4.282", "qty": 18, "user": 5, "included": "2013-10-21T06:05:24.177Z", "stock": 3}},
{"pk": 59, "model": "BrokerEngine.order", "fields": {"status": "N", "original_qty": 4, "cancel_reason": "", "tipo": "V", "value": "9.361", "qty": 4, "user": 6, "included": "2013-10-21T06:05:24.314Z", "stock": 3}},
{"pk": 60, "model": "BrokerEngine.order", "fields": {"status": "N", "original_qty": 11, "cancel_reason": "", "tipo": "C", "value": "7.969", "qty": 11, "user": 7, "included": "2013-10-21T06:05:24.352Z", "stock": 1}},
{"pk": 61, "model": "BrokerEngine.order", "fields": {"status": "A", "original_qty": 19, "cancel_reason": "", "tipo": "V", "value": "16.294", "qty": 19, "user": 1, "included": "2013-10-21T06:05:24.486Z", "stock": 2}},
{"pk": 62, "model": "BrokerEngine.order", "fields": {"status": "N", "original_qty": 9, "cancel_reason": "", "tipo": "C", "value": "9.246", "qty": 9, "user": 2, "included": "2013-10-21T06:05:24.564Z", "stock": 1}},
{"pk": 63, "model": "BrokerEngine.order", "fields": {"status": "N", "original_qty": 17, "cancel_reason": "", "tipo": "C", "value": "8.105", "qty": 17, "user": 3, "included": "2013-10-21T06:05:24.603Z", "stock": 1}},
{"pk": 64, "model": "BrokerEngine.order", "fields": {"status": "N", "original_qty": 1, "cancel_reason": "", "tipo": "V", "value": "9.84", "qty": 1, "user": 4, "included": "2013-10-21T06:05:24.645Z", "stock": 3}},
{"pk": 65, "model": "BrokerEngine.order", "fields": {"status": "N", "original_qty": 15, "cancel_reason": "", "tipo": "C", "value": "11.293", "qty": 15, "user": 5, "included": "2013-10-21T06:05:25.005Z", "stock": 3}},
{"pk": 66, "model": "BrokerEngine.order", "fields": {"status": "N", "original_qty": 1, "cancel_reason": "", "tipo": "V", "value": "18.407", "qty": 1, "user": 6, "included": "2013-10-21T06:05:25.051Z", "stock": 3}},
{"pk": 67, "model": "BrokerEngine.order", "fields": {"status": "N", "original_qty": 12, "cancel_reason": "", "tipo": "C", "value": "7.338", "qty": 12, "user": 7, "included": "2013-10-21T06:05:25.100Z", "stock": 3}},
{"pk": 68, "model": "BrokerEngine.order", "fields": {"status": "F", "original_qty": 2, "cancel_reason": "", "tipo": "V", "value": "6.114", "qty": 0, "user": 1, "included": "2013-10-21T06:05:25.171Z", "stock": 2}},
{"pk": 69, "model": "BrokerEngine.order", "fields": {"status": "N", "original_qty": 20, "cancel_reason": "", "tipo": "V", "value": "10.107", "qty": 20, "user": 2, "included": "2013-10-21T06:05:25.257Z", "stock": 3}},
{"pk": 70, "model": "BrokerEngine.order", "fields": {"status": "N", "original_qty": 18, "cancel_reason": "", "tipo": "C", "value": "9.359", "qty": 18, "user": 3, "included": "2013-10-21T06:05:25.294Z", "stock": 1}},
{"pk": 71, "model": "BrokerEngine.order", "fields": {"status": "F", "original_qty": 2, "cancel_reason": "", "tipo": "C", "value": "6.199", "qty": 0, "user": 4, "included": "2013-10-21T06:05:25.334Z", "stock": 2}},
{"pk": 72, "model": "BrokerEngine.order", "fields": {"status": "N", "original_qty": 14, "cancel_reason": "", "tipo": "V", "value": "8.12", "qty": 14, "user": 5, "included": "2013-10-21T06:05:25.474Z", "stock": 1}},
{"pk": 73, "model": "BrokerEngine.order", "fields": {"status": "N", "original_qty": 10, "cancel_reason": "", "tipo": "C", "value": "10.495", "qty": 10, "user": 6, "included": "2013-10-21T06:05:25.608Z", "stock": 1}},
{"pk": 74, "model": "BrokerEngine.order", "fields": {"status": "N", "original_qty": 2, "cancel_reason": "", "tipo": "C", "value": "5.434", "qty": 2, "user": 7, "included": "2013-10-21T06:05:25.652Z", "stock": 1}},
{"pk": 75, "model": "BrokerEngine.order", "fields": {"status": "N", "original_qty": 19, "cancel_reason": "", "tipo": "C", "value": "7.852", "qty": 19, "user": 1, "included": "2013-10-21T06:05:41.973Z", "stock": 1}},
{"pk": 76, "model": "BrokerEngine.order", "fields": {"status": "A", "original_qty": 14, "cancel_reason": "", "tipo": "V", "value": "11.857", "qty": 14, "user": 2, "included": "2013-10-21T06:05:42.015Z", "stock": 2}},
{"pk": 77, "model": "BrokerEngine.order", "fields": {"status": "A", "original_qty": 18, "cancel_reason": "", "tipo": "V", "value": "12.759", "qty": 18, "user": 1, "included": "2013-10-21T06:05:42.129Z", "stock": 2}},
{"pk": 78, "model": "BrokerEngine.order", "fields": {"status": "F", "original_qty": 13, "cancel_reason": "", "tipo": "C", "value": "10.263", "qty": 0, "user": 2, "included": "2013-10-21T06:05:42.193Z", "stock": 2}},
{"pk": 79, "model": "BrokerEngine.order", "fields": {"status": "F", "original_qty": 13, "cancel_reason": "", "tipo": "V", "value": "6.843", "qty": 0, "user": 1, "included": "2013-10-21T06:05:42.354Z", "stock": 2}},
{"pk": 80, "model": "BrokerEngine.order", "fields": {"status": "F", "original_qty": 11, "cancel_reason": "", "tipo": "C", "value": "8.754", "qty": 0, "user": 2, "included": "2013-10-21T06:05:42.387Z", "stock": 2}},
{"pk": 81, "model": "BrokerEngine.order", "fields": {"status": "N", "original_qty": 20, "cancel_reason": "", "tipo": "V", "value": "10.538", "qty": 20, "user": 1, "included": "2013-10-21T06:05:42.427Z", "stock": 3}},
{"pk": 82, "model": "BrokerEngine.order", "fields": {"status": "N", "original_qty": 7, "cancel_reason": "", "tipo": "C", "value": "16.433", "qty": 7, "user": 2, "included": "2013-10-21T06:05:42.458Z", "stock": 1}},
{"pk": 83, "model": "BrokerEngine.order", "fields": {"status": "N", "original_qty": 18, "cancel_reason": "", "tipo": "V", "value": "11.273", "qty": 18, "user": 1, "included": "2013-10-21T06:05:42.495Z", "stock": 1}},
{"pk": 84, "model": "BrokerEngine.order", "fields": {"status": "N", "original_qty": 6, "cancel_reason": "", "tipo": "C", "value": "14.764", "qty": 6, "user": 2, "included": "2013-10-21T06:05:42.531Z", "stock": 1}},
{"pk": 85, "model": "BrokerEngine.order", "fields": {"status": "N", "original_qty": 10, "cancel_reason": "", "tipo": "V", "value": "4.243", "qty": 10, "user": 1, "included": "2013-10-21T06:05:42.564Z", "stock": 1}},
{"pk": 86, "model": "BrokerEngine.order", "fields": {"status": "F", "original_qty": 10, "cancel_reason": "", "tipo": "C", "value": "10.59", "qty": 0, "user": 2, "included": "2013-10-21T06:05:42.673Z", "stock": 2}},
{"pk": 87, "model": "BrokerEngine.order", "fields": {"status": "A", "original_qty": 20, "cancel_reason": "", "tipo": "V", "value": "12.387", "qty": 20, "user": 1, "included": "2013-10-21T06:05:42.708Z", "stock": 2}},
{"pk": 88, "model": "BrokerEngine.order", "fields": {"status": "N", "original_qty": 12, "cancel_reason": "", "tipo": "C", "value": "6.595", "qty": 12, "user": 2, "included": "2013-10-21T06:05:42.745Z", "stock": 1}},
{"pk": 89, "model": "BrokerEngine.order", "fields": {"status": "N", "original_qty": 3, "cancel_reason": "", "tipo": "C", "value": "7.311", "qty": 3, "user": 1, "included": "2013-10-21T06:05:43.017Z", "stock": 3}},
{"pk": 90, "model": "BrokerEngine.order", "fields": {"status": "N", "original_qty": 2, "cancel_reason": "", "tipo": "V", "value": "12.954", "qty": 2, "user": 2, "included": "2013-10-21T06:05:43.052Z", "stock": 3}},
{"pk": 91, "model": "BrokerEngine.order", "fields": {"status": "N", "original_qty": 13, "cancel_reason": "", "tipo": "V", "value": "11.57", "qty": 13, "user": 1, "included": "2013-10-21T06:05:43.091Z", "stock": 1}},
{"pk": 92, "model": "BrokerEngine.order", "fields": {"status": "N", "original_qty": 19, "cancel_reason": "", "tipo": "C", "value": "6.184", "qty": 19, "user": 2, "included": "2013-10-21T06:05:43.212Z", "stock": 3}},
{"pk": 93, "model": "BrokerEngine.order", "fields": {"status": "N", "original_qty": 10, "cancel_reason": "", "tipo": "V", "value": "9.983", "qty": 10, "user": 1, "included": "2013-10-21T06:05:43.246Z", "stock": 3}},
{"pk": 94, "model": "BrokerEngine.order", "fields": {"status": "N", "original_qty": 7, "cancel_reason": "", "tipo": "V", "value": "8.592", "qty": 7, "user": 2, "included": "2013-10-21T06:05:43.287Z", "stock": 1}},
{"pk": 95, "model": "BrokerEngine.order", "fields": {"status": "N", "original_qty": 20, "cancel_reason": "", "tipo": "V", "value": "9.359", "qty": 20, "user": 1, "included": "2013-10-21T06:09:41.209Z", "stock": 1}},
{"pk": 96, "model": "BrokerEngine.order", "fields": {"status": "N", "original_qty": 17, "cancel_reason": "", "tipo": "V", "value": "5.67", "qty": 17, "user": 2, "included": "2013-10-21T06:09:41.258Z", "stock": 1}},
{"pk": 97, "model": "BrokerEngine.order", "fields": {"status": "N", "original_qty": 12, "cancel_reason": "", "tipo": "V", "value": "11.999", "qty": 12, "user": 1, "included": "2013-10-21T06:09:41.308Z", "stock": 1}},
{"pk": 98, "model": "BrokerEngine.order", "fields": {"status": "F", "original_qty": 5, "cancel_reason": "", "tipo": "C", "value": "11.313", "qty": 0, "user": 2, "included": "2013-10-21T06:09:41.351Z", "stock": 2}},
{"pk": 99, "model": "BrokerEngine.order", "fields": {"status": "N", "original_qty": 2, "cancel_reason": "", "tipo": "C", "value": "5.213", "qty": 2, "user": 1, "included": "2013-10-21T06:09:41.459Z", "stock": 1}},
{"pk": 100, "model": "BrokerEngine.order", "fields": {"status": "N", "original_qty": 6, "cancel_reason": "", "tipo": "V", "value": "9.314", "qty": 6, "user": 2, "included": "2013-10-21T06:09:41.597Z", "stock": 1}},
{"pk": 101, "model": "BrokerEngine.order", "fields": {"status": "N", "original_qty": 13, "cancel_reason": "", "tipo": "V", "value": "6.685", "qty": 13, "user": 1, "included": "2013-10-21T06:09:41.634Z", "stock": 1}},
{"pk": 102, "model": "BrokerEngine.order", "fields": {"status": "N", "original_qty": 8, "cancel_reason": "", "tipo": "C", "value": "5.562", "qty": 8, "user": 2, "included": "2013-10-21T06:09:41.717Z", "stock": 3}},
{"pk": 103, "model": "BrokerEngine.order", "fields": {"status": "N", "original_qty": 13, "cancel_reason": "", "tipo": "V", "value": "8.822", "qty": 13, "user": 1, "included": "2013-10-21T06:09:41.749Z", "stock": 1}},
{"pk": 104, "model": "BrokerEngine.order", "fields": {"status": "N", "original_qty": 4, "cancel_reason": "", "tipo": "C", "value": "11.836", "qty": 4, "user": 2, "included": "2013-10-21T06:09:41.789Z", "stock": 1}},
{"pk": 105, "model": "BrokerEngine.order", "fields": {"status": "F", "original_qty": 20, "cancel_reason": "", "tipo": "C", "value": "10.393", "qty": 0, "user": 1, "included": "2013-10-21T06:09:41.825Z", "stock": 2}},
{"pk": 106, "model": "BrokerEngine.order", "fields": {"status": "N", "original_qty": 20, "cancel_reason": "", "tipo": "V", "value": "14.683", "qty": 20, "user": 2, "included": "2013-10-21T06:09:41.879Z", "stock": 3}},
{"pk": 107, "model": "BrokerEngine.order", "fields": {"status": "N", "original_qty": 8, "cancel_reason": "", "tipo": "C", "value": "12.135", "qty": 8, "user": 1, "included": "2013-10-21T06:09:41.948Z", "stock": 3}},
{"pk": 108, "model": "BrokerEngine.order", "fields": {"status": "F", "original_qty": 9, "cancel_reason": "", "tipo": "V", "value": "5.898", "qty": 0, "user": 2, "included": "2013-10-21T06:09:41.985Z", "stock": 2}},
{"pk": 109, "model": "BrokerEngine.order", "fields": {"status": "N", "original_qty": 16, "cancel_reason": "", "tipo": "C", "value": "8.203", "qty": 16, "user": 1, "included": "2013-10-21T06:09:42.363Z", "stock": 3}},
{"pk": 110, "model": "BrokerEngine.order", "fields": {"status": "N", "original_qty": 5, "cancel_reason": "", "tipo": "V", "value": "9.562", "qty": 5, "user": 2, "included": "2013-10-21T06:09:42.391Z", "stock": 1}},
{"pk": 111, "model": "BrokerEngine.order", "fields": {"status": "N", "original_qty": 7, "cancel_reason": "", "tipo": "V", "value": "2.263", "qty": 7, "user": 1, "included": "2013-10-21T06:09:42.427Z", "stock": 1}},
{"pk": 112, "model": "BrokerEngine.order", "fields": {"status": "P", "original_qty": 20, "cancel_reason": "", "tipo": "V", "value": "7.803", "qty": 7, "user": 2, "included": "2013-10-21T06:09:42.457Z", "stock": 2}},
{"pk": 113, "model": "BrokerEngine.order", "fields": {"status": "A", "original_qty": 4, "cancel_reason": "", "tipo": "C", "value": "6.444", "qty": 4, "user": 1, "included": "2013-10-21T06:09:42.615Z", "stock": 2}},
{"pk": 114, "model": "BrokerEngine.order", "fields": {"status": "N", "original_qty": 11, "cancel_reason": "", "tipo": "V", "value": "9.465", "qty": 11, "user": 2, "included": "2013-10-21T06:09:42.643Z", "stock": 1}},
{"pk": 115, "model": "BrokerEngine.order", "fields": {"status": "F", "original_qty": 14, "cancel_reason": "", "tipo": "C", "value": "12.96", "qty": 0, "user": 2, "included": "2013-10-23T04:01:18.844Z", "stock": 1}},
{"pk": 116, "model": "BrokerEngine.order", "fields": {"status": "F", "original_qty": 14, "cancel_reason": "", "tipo": "C", "value": "12.96", "qty": 0, "user": 3, "included": "2013-10-23T04:08:29.281Z", "stock": 1}},
{"pk": 117, "model": "BrokerEngine.order", "fields": {"status": "F", "original_qty": 14, "cancel_reason": "", "tipo": "V", "value": "12.97", "qty": 0, "user": 3, "included": "2013-10-23T04:09:24.186Z", "stock": 1}},
{"pk": 118, "model": "BrokerEngine.order", "fields": {"status": "F", "original_qty": 10, "cancel_reason": "", "tipo": "V", "value": "25", "qty": 0, "user": 3, "included": "2013-11-08T02:27:06.069Z", "stock": 1}},
{"pk": 119, "model": "BrokerEngine.order", "fields": {"status": "F", "original_qty": 25, "cancel_reason": "", "tipo": "V", "value": "15.64", "qty": 0, "user": 3, "included": "2013-11-08T03:06:34.068Z", "stock": 1}},
{"pk": 120, "model": "BrokerEngine.order", "fields": {"status": "F", "original_qty": 15, "cancel_reason": "", "tipo": "V", "value": "12.78", "qty": 0, "user": 3, "included": "2013-11-08T03:08:45.751Z", "stock": 1}},
{"pk": 121, "model": "BrokerEngine.order", "fields": {"status": "P", "original_qty": 30, "cancel_reason": "", "tipo": "C", "value": "13.87", "qty": 15, "user": 3, "included": "2013-11-08T03:26:49.646Z", "stock": 1}},
{"pk": 122, "model": "BrokerEngine.order", "fields": {"status": "A", "original_qty": 15, "cancel_reason": "", "tipo": "C", "value": "14.37", "qty": 15, "user": 3, "included": "2013-11-08T03:32:29.945Z", "stock": 1}},
{"pk": 123, "model": "BrokerEngine.order", "fields": {"status": "A", "original_qty": 10, "cancel_reason": "", "tipo": "C", "value": "7.8", "qty": 10, "user": 3, "included": "2013-11-08T03:37:48.550Z", "stock": 1}},
{"pk": 124, "model": "BrokerEngine.order", "fields": {"status": "A", "original_qty": 10, "cancel_reason": "", "tipo": "C", "value": "12.5", "qty": 10, "user": 3, "included": "2013-11-08T03:42:46.057Z", "stock": 1}},
{"pk": 125, "model": "BrokerEngine.order", "fields": {"status": "A", "original_qty": 20, "cancel_reason": "", "tipo": "C", "value": "13.5", "qty": 20, "user": 3, "included": "2013-11-08T03:43:52.073Z", "stock": 1}},
{"pk": 126, "model": "BrokerEngine.order", "fields": {"status": "F", "original_qty": 20, "cancel_reason": "", "tipo": "V", "value": "23.5", "qty": 0, "user": 3, "included": "2013-11-11T03:51:34.268Z", "stock": 1}},
{"pk": 127, "model": "BrokerEngine.order", "fields": {"status": "F", "original_qty": 15, "cancel_reason": "", "tipo": "V", "value": "24.5", "qty": 0, "user": 3, "included": "2013-11-11T03:53:21.748Z", "stock": 1}},
{"pk": 128, "model": "BrokerEngine.order", "fields": {"status": "F", "original_qty": 10, "cancel_reason": "", "tipo": "V", "value": "22.1", "qty": 0, "user": 3, "included": "2013-11-11T12:19:36.432Z", "stock": 1}},
{"pk": 129, "model": "BrokerEngine.order", "fields": {"status": "A", "original_qty": 10, "cancel_reason": "", "tipo": "C", "value": "15.12", "qty": 10, "user": 3, "included": "2013-11-11T12:22:20.287Z", "stock": 1}},
{"pk": 130, "model": "BrokerEngine.order", "fields": {"status": "F", "original_qty": 100, "cancel_reason": "", "tipo": "C", "value": "25", "qty": 0, "user": 3, "included": "2013-11-11T12:24:40.968Z", "stock": 1}},
{"pk": 131, "model": "BrokerEngine.order", "fields": {"status": "F", "original_qty": 30, "cancel_reason": "", "tipo": "V", "value": "25", "qty": 0, "user": 3, "included": "2013-11-11T12:25:09.230Z", "stock": 1}},
{"pk": 132, "model": "BrokerEngine.order", "fields": {"status": "A", "original_qty": 50, "cancel_reason": "", "tipo": "V", "value": "26", "qty": 50, "user": 3, "included": "2013-11-11T12:41:02.961Z", "stock": 1}},
{"pk": 133, "model": "BrokerEngine.order", "fields": {"status": "F", "original_qty": 10, "cancel_reason": "", "tipo": "C", "value": "25", "qty": 0, "user": 3, "included": "2013-11-11T12:41:58.581Z", "stock": 1}},
{"pk": 134, "model": "BrokerEngine.order", "fields": {"status": "F", "original_qty": 20, "cancel_reason": "", "tipo": "V", "value": "15.18", "qty": 0, "user": 2, "included": "2013-11-12T22:34:48.185Z", "stock": 1}},
{"pk": 135, "model": "BrokerEngine.order", "fields": {"status": "F", "original_qty": 20, "cancel_reason": "", "tipo": "C", "value": "15.18", "qty": 0, "user": 2, "included": "2013-11-12T22:37:08.939Z", "stock": 1}},
{"pk": 136, "model": "BrokerEngine.order", "fields": {"status": "F", "original_qty": 0, "cancel_reason": "", "tipo": "V", "value": "0", "qty": 0, "user": 2, "included": "2013-11-12T22:47:26.588Z", "stock": 1}},
{"pk": 137, "model": "BrokerEngine.order", "fields": {"status": "F", "original_qty": 20, "cancel_reason": "", "tipo": "V", "value": "15.13", "qty": 0, "user": 2, "included": "2013-11-12T22:49:54.687Z", "stock": 1}},
{"pk": 138, "model": "BrokerEngine.order", "fields": {"status": "A", "original_qty": 10, "cancel_reason": "", "tipo": "C", "value": "15.12", "qty": 10, "user": 2, "included": "2013-11-12T22:56:35.820Z", "stock": 1}},
{"pk": 139, "model": "BrokerEngine.order", "fields": {"status": "F", "original_qty": 10, "cancel_reason": "", "tipo": "C", "value": "15.13", "qty": 0, "user": 2, "included": "2013-11-12T22:56:51.946Z", "stock": 1}},
{"pk": 140, "model": "BrokerEngine.order", "fields": {"status": "F", "original_qty": 10, "cancel_reason": "", "tipo": "V", "value": "15.13", "qty": 0, "user": 2, "included": "2013-11-12T22:57:09.356Z", "stock": 1}},
{"pk": 141, "model": "BrokerEngine.order", "fields": {"status": "F", "original_qty": 15, "cancel_reason": "", "tipo": "V", "value": "15.14", "qty": 0, "user": 2, "included": "2013-11-12T22:59:24.212Z", "stock": 1}},
{"pk": 142, "model": "BrokerEngine.order", "fields": {"status": "F", "original_qty": 20, "cancel_reason": "", "tipo": "C", "value": "15.13", "qty": 0, "user": 2, "included": "2013-11-13T03:32:40.203Z", "stock": 1}},
{"pk": 143, "model": "BrokerEngine.order", "fields": {"status": "F", "original_qty": 30, "cancel_reason": "", "tipo": "V", "value": "15.18", "qty": 0, "user": 2, "included": "2013-11-13T03:33:39.639Z", "stock": 1}},
{"pk": 144, "model": "BrokerEngine.order", "fields": {"status": "A", "original_qty": 3, "cancel_reason": "", "tipo": "V", "value": "16", "qty": 3, "user": 2, "included": "2013-11-13T03:38:33.634Z", "stock": 1}},
{"pk": 145, "model": "BrokerEngine.order", "fields": {"status": "A", "original_qty": 3, "cancel_reason": "", "tipo": "V", "value": "15.5", "qty": 3, "user": 2, "included": "2013-11-13T03:42:11.532Z", "stock": 1}},
{"pk": 146, "model": "BrokerEngine.order", "fields": {"status": "A", "original_qty": 20, "cancel_reason": "", "tipo": "C", "value": "7.79", "qty": 20, "user": 2, "included": "2013-11-13T03:43:47.842Z", "stock": 2}},
{"pk": 147, "model": "BrokerEngine.order", "fields": {"status": "A", "original_qty": 20, "cancel_reason": "", "tipo": "C", "value": "10", "qty": 20, "user": 2, "included": "2013-11-13T03:44:12.637Z", "stock": 7}},
{"pk": 148, "model": "BrokerEngine.order", "fields": {"status": "A", "original_qty": 20, "cancel_reason": "", "tipo": "V", "value": "11.01", "qty": 20, "user": 2, "included": "2013-11-13T03:44:26.464Z", "stock": 7}},
{"pk": 149, "model": "BrokerEngine.order", "fields": {"status": "A", "original_qty": 40, "cancel_reason": "", "tipo": "V", "value": "12.32", "qty": 40, "user": 2, "included": "2013-11-13T03:46:46.877Z", "stock": 7}},
{"pk": 150, "model": "BrokerEngine.order", "fields": {"status": "A", "original_qty": 10, "cancel_reason": "", "tipo": "V", "value": "11.35", "qty": 10, "user": 2, "included": "2013-11-13T03:54:51.836Z", "stock": 7}},
{"pk": 151, "model": "BrokerEngine.order", "fields": {"status": "A", "original_qty": 10, "cancel_reason": "", "tipo": "V", "value": "23.5", "qty": 10, "user": 4, "included": "2013-11-20T03:59:00.304Z", "stock": 1}},
{"pk": 152, "model": "BrokerEngine.order", "fields": {"status": "N", "original_qty": 10, "cancel_reason": "", "tipo": "", "value": "18.5", "qty": 10, "user": 4, "included": "2013-11-20T03:59:15.780Z", "stock": 1}},
{"pk": 153, "model": "BrokerEngine.order", "fields": {"status": "N", "original_qty": 20, "cancel_reason": "", "tipo": "C", "value": "15.12", "qty": 20, "user": 4, "included": "2013-11-20T05:21:31.113Z", "stock": 1}},
{"pk": 154, "model": "BrokerEngine.order", "fields": {"status": "N", "original_qty": 15, "cancel_reason": "", "tipo": "C", "value": "15.14", "qty": 15, "user": 4, "included": "2013-11-20T05:24:47.527Z", "stock": 1}},
{"pk": 155, "model": "BrokerEngine.order", "fields": {"status": "N", "original_qty": 30, "cancel_reason": "", "tipo": "C", "value": "15.18", "qty": 30, "user": 4, "included": "2013-11-20T05:25:23.277Z", "stock": 1}},
{"pk": 156, "model": "BrokerEngine.order", "fields": {"status": "N", "original_qty": 50, "cancel_reason": "", "tipo": "V", "value": "23.5", "qty": 50, "user": 4, "included": "2013-11-20T13:02:22.827Z", "stock": 1}},
{"pk": 157, "model": "BrokerEngine.order", "fields": {"status": "N", "original_qty": 15, "cancel_reason": "", "tipo": "V", "value": "15.17", "qty": 15, "user": 4, "included": "2013-11-20T14:11:17.884Z", "stock": 1}},
{"pk": 158, "model": "BrokerEngine.order", "fields": {"status": "N", "original_qty": 20, "cancel_reason": "", "tipo": "V", "value": "15.6", "qty": 20, "user": 4, "included": "2013-11-20T14:11:46.749Z", "stock": 1}},
{"pk": 159, "model": "BrokerEngine.order", "fields": {"status": "N", "original_qty": 20, "cancel_reason": "", "tipo": "V", "value": "15.3", "qty": 20, "user": 4, "included": "2013-11-20T14:12:50.596Z", "stock": 1}},
{"pk": 160, "model": "BrokerEngine.order", "fields": {"status": "N", "original_qty": 20, "cancel_reason": "", "tipo": "V", "value": "15.35", "qty": 20, "user": 4, "included": "2013-11-20T14:13:26.705Z", "stock": 1}},
{"pk": 161, "model": "BrokerEngine.order", "fields": {"status": "F", "original_qty": 15, "cancel_reason": "", "tipo": "C", "value": "15.14", "qty": 0, "user": 4, "included": "2013-11-20T14:14:16.117Z", "stock": 1}},
{"pk": 162, "model": "BrokerEngine.order", "fields": {"status": "A", "original_qty": 9, "cancel_reason": "", "tipo": "C", "value": "18.03", "qty": 9, "user": 4, "included": "2013-11-20T14:20:12.756Z", "stock": 3}},
{"pk": 163, "model": "BrokerEngine.order", "fields": {"status": "F", "original_qty": 9, "cancel_reason": "", "tipo": "C", "value": "18.04", "qty": 0, "user": 4, "included": "2013-11-20T14:20:27.631Z", "stock": 3}},
{"pk": 164, "model": "BrokerEngine.order", "fields": {"status": "F", "original_qty": 40, "cancel_reason": "", "tipo": "V", "value": "15.13", "qty": 0, "user": 2, "included": "2013-12-04T12:54:29.827Z", "stock": 1}},
{"pk": 165, "model": "BrokerEngine.order", "fields": {"status": "F", "original_qty": 70, "cancel_reason": "", "tipo": "C", "value": "15.18", "qty": 0, "user": 2, "included": "2013-12-04T12:54:53.367Z", "stock": 1}},
{"pk": 166, "model": "BrokerEngine.order", "fields": {"status": "A", "original_qty": 33, "cancel_reason": "", "tipo": "C", "value": "12.5", "qty": 33, "user": 2, "included": "2013-12-04T15:51:19.913Z", "stock": 4}},
{"pk": 1, "model": "BrokerEngine.portfolioitem", "fields": {"qty": 200, "user": 3, "stock": 3}},
{"pk": 2, "model": "BrokerEngine.portfolioitem", "fields": {"qty": -200, "user": 1, "stock": 3}},
{"pk": 3, "model": "BrokerEngine.portfolioitem", "fields": {"qty": 14, "user": 1, "stock": 1}},
{"pk": 4, "model": "BrokerEngine.portfolioitem", "fields": {"qty": -29, "user": 2, "stock": 1}},
{"pk": 5, "model": "BrokerEngine.portfolioitem", "fields": {"qty": 11, "user": 7, "stock": 2}},
{"pk": 6, "model": "BrokerEngine.portfolioitem", "fields": {"qty": -7, "user": 5, "stock": 2}},
{"pk": 7, "model": "BrokerEngine.portfolioitem", "fields": {"qty": -2, "user": 1, "stock": 2}},
{"pk": 8, "model": "BrokerEngine.portfolioitem", "fields": {"qty": -20, "user": 3, "stock": 2}},
{"pk": 9, "model": "BrokerEngine.portfolioitem", "fields": {"qty": 34, "user": 2, "stock": 2}},
{"pk": 10, "model": "BrokerEngine.portfolioitem", "fields": {"qty": -1, "user": 6, "stock": 2}},
{"pk": 11, "model": "BrokerEngine.portfolioitem", "fields": {"qty": -15, "user": 4, "stock": 2}},
{"pk": 12, "model": "BrokerEngine.portfolioitem", "fields": {"qty": 0, "user": 3, "stock": 1}},
{"pk": 13, "model": "BrokerEngine.portfolioitem", "fields": {"qty": 15, "user": 4, "stock": 1}},
{"pk": 14, "model": "BrokerEngine.portfolioitem", "fields": {"qty": 9, "user": 4, "stock": 3}},
{"pk": 15, "model": "BrokerEngine.portfolioitem", "fields": {"qty": -9, "user": 5, "stock": 3}},
{"pk": 1, "model": "BrokerEngine.historical", "fields": {"user_sell": 1, "user_buy": 3, "timestamp": "2013-10-21T06:04:25.802Z", "value": "10", "qty": 100, "stock": 3}},
{"pk": 2, "model": "BrokerEngine.historical", "fields": {"user_sell": 1, "user_buy": 3, "timestamp": "2013-10-21T06:04:41.991Z", "value": "10", "qty": 100, "stock": 3}},
{"pk": 3, "model": "BrokerEngine.historical", "fields": {"user_sell": 2, "user_buy": 1, "timestamp": "2013-10-21T06:05:19.175Z", "value": "12.152", "qty": 14, "stock": 1}},
{"pk": 4, "model": "BrokerEngine.historical", "fields": {"user_sell": 5, "user_buy": 7, "timestamp": "2013-10-21T06:05:20.255Z", "value": "10.09", "qty": 7, "stock": 2}},
{"pk": 5, "model": "BrokerEngine.historical", "fields": {"user_sell": 3, "user_buy": 1, "timestamp": "2013-10-21T06:05:21.040Z", "value": "10.593", "qty": 5, "stock": 2}},
{"pk": 6, "model": "BrokerEngine.historical", "fields": {"user_sell": 2, "user_buy": 1, "timestamp": "2013-10-21T06:05:21.382Z", "value": "8.81", "qty": 1, "stock": 2}},
{"pk": 7, "model": "BrokerEngine.historical", "fields": {"user_sell": 6, "user_buy": 6, "timestamp": "2013-10-21T06:05:22.216Z", "value": "13.209", "qty": 1, "stock": 2}},
{"pk": 8, "model": "BrokerEngine.historical", "fields": {"user_sell": 1, "user_buy": 1, "timestamp": "2013-10-21T06:05:22.630Z", "value": "7.786", "qty": 1, "stock": 2}},
{"pk": 9, "model": "BrokerEngine.historical", "fields": {"user_sell": 1, "user_buy": 2, "timestamp": "2013-10-21T06:05:22.916Z", "value": "7.786", "qty": 13, "stock": 2}},
{"pk": 10, "model": "BrokerEngine.historical", "fields": {"user_sell": 3, "user_buy": 2, "timestamp": "2013-10-21T06:05:23.131Z", "value": "11.408", "qty": 1, "stock": 2}},
{"pk": 11, "model": "BrokerEngine.historical", "fields": {"user_sell": 4, "user_buy": 2, "timestamp": "2013-10-21T06:05:23.357Z", "value": "9.604", "qty": 4, "stock": 2}},
{"pk": 12, "model": "BrokerEngine.historical", "fields": {"user_sell": 4, "user_buy": 7, "timestamp": "2013-10-21T06:05:23.506Z", "value": "9.604", "qty": 4, "stock": 2}},
{"pk": 13, "model": "BrokerEngine.historical", "fields": {"user_sell": 3, "user_buy": 4, "timestamp": "2013-10-21T06:05:24.429Z", "value": "5.987", "qty": 1, "stock": 2}},
{"pk": 14, "model": "BrokerEngine.historical", "fields": {"user_sell": 3, "user_buy": 4, "timestamp": "2013-10-21T06:05:25.550Z", "value": "5.987", "qty": 2, "stock": 2}},
{"pk": 15, "model": "BrokerEngine.historical", "fields": {"user_sell": 3, "user_buy": 2, "timestamp": "2013-10-21T06:05:42.624Z", "value": "5.987", "qty": 11, "stock": 2}},
{"pk": 16, "model": "BrokerEngine.historical", "fields": {"user_sell": 1, "user_buy": 2, "timestamp": "2013-10-21T06:05:42.908Z", "value": "6.114", "qty": 2, "stock": 2}},
{"pk": 17, "model": "BrokerEngine.historical", "fields": {"user_sell": 1, "user_buy": 2, "timestamp": "2013-10-21T06:05:43.354Z", "value": "6.843", "qty": 11, "stock": 2}},
{"pk": 18, "model": "BrokerEngine.historical", "fields": {"user_sell": 1, "user_buy": 2, "timestamp": "2013-10-21T06:05:43.519Z", "value": "6.843", "qty": 2, "stock": 2}},
{"pk": 19, "model": "BrokerEngine.historical", "fields": {"user_sell": 6, "user_buy": 2, "timestamp": "2013-10-21T06:05:43.663Z", "value": "7.857", "qty": 1, "stock": 2}},
{"pk": 20, "model": "BrokerEngine.historical", "fields": {"user_sell": 4, "user_buy": 2, "timestamp": "2013-10-21T06:05:43.820Z", "value": "9.604", "qty": 7, "stock": 2}},
{"pk": 21, "model": "BrokerEngine.historical", "fields": {"user_sell": 4, "user_buy": 2, "timestamp": "2013-10-21T06:09:41.542Z", "value": "9.604", "qty": 3, "stock": 2}},
{"pk": 22, "model": "BrokerEngine.historical", "fields": {"user_sell": 2, "user_buy": 2, "timestamp": "2013-10-21T06:09:42.174Z", "value": "5.898", "qty": 2, "stock": 2}},
{"pk": 23, "model": "BrokerEngine.historical", "fields": {"user_sell": 2, "user_buy": 1, "timestamp": "2013-10-21T06:09:42.314Z", "value": "5.898", "qty": 7, "stock": 2}},
{"pk": 24, "model": "BrokerEngine.historical", "fields": {"user_sell": 2, "user_buy": 1, "timestamp": "2013-10-21T06:09:42.755Z", "value": "7.803", "qty": 13, "stock": 2}},
{"pk": 25, "model": "BrokerEngine.historical", "fields": {"user_sell": 2, "user_buy": 3, "timestamp": "2013-10-23T04:08:29.484Z", "value": "12.96", "qty": 14, "stock": 1}},
{"pk": 26, "model": "BrokerEngine.historical", "fields": {"user_sell": 3, "user_buy": 2, "timestamp": "2013-11-08T03:08:46.236Z", "value": "12.78", "qty": 14, "stock": 1}},
{"pk": 27, "model": "BrokerEngine.historical", "fields": {"user_sell": 3, "user_buy": 3, "timestamp": "2013-11-08T03:26:49.894Z", "value": "12.78", "qty": 1, "stock": 1}},
{"pk": 28, "model": "BrokerEngine.historical", "fields": {"user_sell": 3, "user_buy": 3, "timestamp": "2013-11-08T03:26:50.038Z", "value": "12.97", "qty": 14, "stock": 1}},
{"pk": 29, "model": "BrokerEngine.historical", "fields": {"user_sell": 3, "user_buy": 3, "timestamp": "2013-11-11T12:24:41.130Z", "value": "15.64", "qty": 25, "stock": 1}},
{"pk": 30, "model": "BrokerEngine.historical", "fields": {"user_sell": 3, "user_buy": 3, "timestamp": "2013-11-11T12:24:41.283Z", "value": "22.1", "qty": 10, "stock": 1}},
{"pk": 31, "model": "BrokerEngine.historical", "fields": {"user_sell": 3, "user_buy": 3, "timestamp": "2013-11-11T12:24:41.623Z", "value": "23.5", "qty": 20, "stock": 1}},
{"pk": 32, "model": "BrokerEngine.historical", "fields": {"user_sell": 3, "user_buy": 3, "timestamp": "2013-11-11T12:24:41.759Z", "value": "24.5", "qty": 15, "stock": 1}},
{"pk": 33, "model": "BrokerEngine.historical", "fields": {"user_sell": 3, "user_buy": 3, "timestamp": "2013-11-11T12:24:41.897Z", "value": "25", "qty": 10, "stock": 1}},
{"pk": 34, "model": "BrokerEngine.historical", "fields": {"user_sell": 3, "user_buy": 3, "timestamp": "2013-11-11T12:25:09.420Z", "value": "25", "qty": 20, "stock": 1}},
{"pk": 35, "model": "BrokerEngine.historical", "fields": {"user_sell": 3, "user_buy": 3, "timestamp": "2013-11-11T12:41:58.819Z", "value": "25", "qty": 10, "stock": 1}},
{"pk": 36, "model": "BrokerEngine.historical", "fields": {"user_sell": 2, "user_buy": 2, "timestamp": "2013-11-12T22:37:09.110Z", "value": "15.18", "qty": 20, "stock": 1}},
{"pk": 37, "model": "BrokerEngine.historical", "fields": {"user_sell": 2, "user_buy": 3, "timestamp": "2013-11-12T22:47:26.781Z", "value": "0", "qty": 0, "stock": 1}},
{"pk": 38, "model": "BrokerEngine.historical", "fields": {"user_sell": 2, "user_buy": 2, "timestamp": "2013-11-12T22:56:52.116Z", "value": "15.13", "qty": 10, "stock": 1}},
{"pk": 39, "model": "BrokerEngine.historical", "fields": {"user_sell": 2, "user_buy": 2, "timestamp": "2013-11-13T03:32:40.461Z", "value": "15.13", "qty": 10, "stock": 1}},
{"pk": 40, "model": "BrokerEngine.historical", "fields": {"user_sell": 2, "user_buy": 2, "timestamp": "2013-11-13T03:32:40.626Z", "value": "15.13", "qty": 10, "stock": 1}},
{"pk": 41, "model": "BrokerEngine.historical", "fields": {"user_sell": 2, "user_buy": 4, "timestamp": "2013-11-20T14:14:16.330Z", "value": "15.14", "qty": 15, "stock": 1}},
{"pk": 42, "model": "BrokerEngine.historical", "fields": {"user_sell": 5, "user_buy": 4, "timestamp": "2013-11-20T14:20:27.818Z", "value": "18.034", "qty": 9, "stock": 3}},
{"pk": 43, "model": "BrokerEngine.historical", "fields": {"user_sell": 2, "user_buy": 2, "timestamp": "2013-12-04T12:54:53.563Z", "value": "15.13", "qty": 40, "stock": 1}},
{"pk": 44, "model": "BrokerEngine.historical", "fields": {"user_sell": 2, "user_buy": 2, "timestamp": "2013-12-04T12:54:53.702Z", "value": "15.18", "qty": 30, "stock": 1}},
{"pk": 1, "model": "broker.stockview", "fields": {"country_name": "Brazil", "group": "A", "image": "", "ticker_name": "BRA", "ticker": 1}},
{"pk": 2, "model": "broker.stockview", "fields": {"country_name": "Croatia", "group": "A", "image": "", "ticker_name": "CRO", "ticker": 2}},
{"pk": 3, "model": "broker.stockview", "fields": {"country_name": "Mexico", "group": "A", "image": "", "ticker_name": "MEX", "ticker": 3}},
{"pk": 4, "model": "broker.stockview", "fields": {"country_name": "Cameroon", "group": "A", "image": "", "ticker_name": "CMR", "ticker": 4}},
{"pk": 5, "model": "broker.stockview", "fields": {"country_name": "Spain", "group": "B", "image": "", "ticker_name": "ESP", "ticker": 5}},
{"pk": 6, "model": "broker.stockview", "fields": {"country_name": "Netherlands", "group": "B", "image": "", "ticker_name": "NED", "ticker": 6}},
{"pk": 7, "model": "broker.stockview", "fields": {"country_name": "Chile", "group": "B", "image": "", "ticker_name": "CHI", "ticker": 7}},
{"pk": 8, "model": "broker.stockview", "fields": {"country_name": "Australia", "group": "B", "image": "", "ticker_name": "AUS", "ticker": 8}},
{"pk": 9, "model": "broker.stockview", "fields": {"country_name": "Colombia", "group": "C", "image": "", "ticker_name": "COL", "ticker": 9}},
{"pk": 10, "model": "broker.stockview", "fields": {"country_name": "Greece", "group": "C", "image": "", "ticker_name": "GRE", "ticker": 10}},
{"pk": 11, "model": "broker.stockview", "fields": {"country_name": "C\u00f4te d'Ivoire", "group": "C", "image": "", "ticker_name": "CIV", "ticker": 11}},
{"pk": 12, "model": "broker.stockview", "fields": {"country_name": "Japan", "group": "C", "image": "", "ticker_name": "JPN", "ticker": 12}},
{"pk": 13, "model": "broker.stockview", "fields": {"country_name": "Uruguay", "group": "D", "image": "", "ticker_name": "URU", "ticker": 13}},
{"pk": 14, "model": "broker.stockview", "fields": {"country_name": "Costa Rica", "group": "D", "image": "", "ticker_name": "CRC", "ticker": 14}},
{"pk": 15, "model": "broker.stockview", "fields": {"country_name": "England", "group": "D", "image": "", "ticker_name": "ENG", "ticker": 15}},
{"pk": 16, "model": "broker.stockview", "fields": {"country_name": "Italy", "group": "D", "image": "", "ticker_name": "ITA", "ticker": 16}},
{"pk": 17, "model": "broker.stockview", "fields": {"country_name": "Switzerland", "group": "E", "image": "", "ticker_name": "SUI", "ticker": 17}},
{"pk": 18, "model": "broker.stockview", "fields": {"country_name": "Ecuador", "group": "E", "image": "", "ticker_name": "ECU", "ticker": 18}},
{"pk": 19, "model": "broker.stockview", "fields": {"country_name": "France", "group": "E", "image": "", "ticker_name": "FRA", "ticker": 19}},
{"pk": 20, "model": "broker.stockview", "fields": {"country_name": "Honduras", "group": "E", "image": "", "ticker_name": "HON", "ticker": 20}},
{"pk": 21, "model": "broker.stockview", "fields": {"country_name": "Argentina", "group": "F", "image": "", "ticker_name": "ARG", "ticker": 21}},
{"pk": 22, "model": "broker.stockview", "fields": {"country_name": "Bosnia-Herzegovina", "group": "F", "image": "", "ticker_name": "BIH", "ticker": 22}},
{"pk": 23, "model": "broker.stockview", "fields": {"country_name": "Iran", "group": "F", "image": "", "ticker_name": "IRN", "ticker": 23}},
{"pk": 24, "model": "broker.stockview", "fields": {"country_name": "Nigeria", "group": "F", "image": "", "ticker_name": "NGA", "ticker": 24}},
{"pk": 25, "model": "broker.stockview", "fields": {"country_name": "Germany", "group": "G", "image": "", "ticker_name": "GER", "ticker": 25}},
{"pk": 26, "model": "broker.stockview", "fields": {"country_name": "Portugal", "group": "G", "image": "", "ticker_name": "POR", "ticker": 26}},
{"pk": 27, "model": "broker.stockview", "fields": {"country_name": "Ghana", "group": "G", "image": "", "ticker_name": "GHA", "ticker": 27}},
{"pk": 28, "model": "broker.stockview", "fields": {"country_name": "United States of America", "group": "G", "image": "", "ticker_name": "USA", "ticker": 28}},
{"pk": 29, "model": "broker.stockview", "fields": {"country_name": "Belgium", "group": "H", "image": "", "ticker_name": "BEL", "ticker": 29}},
{"pk": 30, "model": "broker.stockview", "fields": {"country_name": "Algeria", "group": "H", "image": "", "ticker_name": "ALG", "ticker": 30}},
{"pk": 31, "model": "broker.stockview", "fields": {"country_name": "Russia", "group": "H", "image": "", "ticker_name": "RUS", "ticker": 31}},
{"pk": 32, "model": "broker.stockview", "fields": {"country_name": "Korea Republic", "group": "H", "image": "", "ticker_name": "KOR", "ticker": 32}},
{"pk": 1, "model": "broker.brokernew", "fields": {"category": "Futebol", "image_path": "futebol.png", "full_text": "\r\n\r\nLorem ipsum dolor sit amet, consectetur adipiscing elit. In eleifend lectus in ipsum rutrum, sit amet malesuada tellus sollicitudin. Vivamus nec ante leo. Maecenas eget laoreet dolor. Fusce vulputate, dui sed volutpat lacinia, nibh dui aliquam magna, sed convallis augue augue vitae odio. Ut iaculis aliquam quam, non convallis lorem tempus et. Nulla rutrum velit justo, sed consequat nunc aliquam vitae. Pellentesque libero libero, lobortis sed neque ac, tincidunt tempus tortor. Quisque consequat nulla lectus, non posuere libero hendrerit tincidunt. In hac habitasse platea dictumst. Proin commodo ultrices massa at commodo. Maecenas rutrum orci eu dignissim imperdiet.\r\n\r\nIn neque nulla, suscipit sit amet dolor ac, egestas fringilla ipsum. Cras hendrerit tempus metus vitae commodo. Pellentesque urna mauris, porttitor et pulvinar sed, aliquet eget lectus. Donec eu magna id nisi lobortis mattis. Sed et diam quis justo venenatis ornare. Mauris egestas vitae nunc vitae tincidunt. Donec sed risus consectetur, ultrices nisi vitae, varius nisl. Proin convallis dictum erat, in vestibulum orci faucibus ac. Donec non rutrum magna. Nam id neque sed neque blandit eleifend at in urna. Donec vel eleifend mauris. Nam sed vestibulum massa. Nam semper congue diam, nec malesuada lacus tempor sed. Vestibulum pretium purus at libero hendrerit, at vehicula lacus sollicitudin.\r\n\r\nIn id turpis ac erat aliquam suscipit. Etiam semper feugiat erat. Donec vitae metus at nisi congue accumsan. In porta, metus ac vestibulum ullamcorper, erat leo lacinia est, eget lobortis sem eros nec ligula. Ut turpis nisi, molestie sed vestibulum et, rutrum sit amet justo. Maecenas consequat vulputate sapien, pretium rutrum nunc suscipit eu. Phasellus pharetra elit mattis tincidunt pretium.\r\n\r\nAenean justo nunc, scelerisque non laoreet ut, pretium et mauris. Vestibulum venenatis faucibus massa, bibendum imperdiet risus varius non. Nulla porta lorem vitae mi dictum pellentesque. Fusce feugiat rhoncus quam et pellentesque. Quisque vestibulum at dui vel ullamcorper. Nam vitae volutpat purus. Praesent semper lorem id fermentum mollis. Fusce ac urna sodales, fringilla diam vitae, adipiscing est. Sed at nisi lacus. Nunc aliquam velit vitae est condimentum condimentum. Vivamus ac erat tempor, dignissim massa et, sollicitudin nibh.\r\n\r\nLorem ipsum dolor sit amet, consectetur adipiscing elit. Fusce commodo mauris id velit porttitor posuere. Ut ullamcorper mauris auctor, fermentum elit nec, vulputate sem. Nullam ut purus id quam ornare pulvinar. Maecenas in iaculis urna. Morbi ullamcorper dolor nibh, in vestibulum erat facilisis vehicula. Integer dictum elementum ligula a pretium. Donec eleifend consectetur enim non eleifend. Morbi hendrerit iaculis lorem, id vestibulum leo volutpat ac. Suspendisse libero purus, mattis eu ante ac, posuere tempor ante. Quisque fringilla, nunc auctor faucibus tincidunt, leo erat auctor mi, a pretium risus nisi vel nisl. Duis ut nibh convallis, bibendum nunc vitae, auctor nibh. Maecenas auctor risus at felis rhoncus, eu interdum lacus adipiscing. Nulla ipsum diam, tempus congue eros in, fermentum dapibus lectus. Praesent ac tristique nibh. Nunc consectetur tincidunt tempus. ", "title": "Noticia 1", "date": "23:48:38", "short_text": "Essa \u00e9 a chamada da not\u00edcia numero 1. Sensacional Lorem ipsum dolor sit amet, consectetur adipiscing elit. "}},
{"pk": 2, "model": "broker.brokernew", "fields": {"category": "Futebol", "image_path": "futebol2.png", "full_text": "\r\n\r\nLorem ipsum dolor sit amet, consectetur adipiscing elit. In eleifend lectus in ipsum rutrum, sit amet malesuada tellus sollicitudin. Vivamus nec ante leo. Maecenas eget laoreet dolor. Fusce vulputate, dui sed volutpat lacinia, nibh dui aliquam magna, sed convallis augue augue vitae odio. Ut iaculis aliquam quam, non convallis lorem tempus et. Nulla rutrum velit justo, sed consequat nunc aliquam vitae. Pellentesque libero libero, lobortis sed neque ac, tincidunt tempus tortor. Quisque consequat nulla lectus, non posuere libero hendrerit tincidunt. In hac habitasse platea dictumst. Proin commodo ultrices massa at commodo. Maecenas rutrum orci eu dignissim imperdiet.\r\n\r\nIn neque nulla, suscipit sit amet dolor ac, egestas fringilla ipsum. Cras hendrerit tempus metus vitae commodo. Pellentesque urna mauris, porttitor et pulvinar sed, aliquet eget lectus. Donec eu magna id nisi lobortis mattis. Sed et diam quis justo venenatis ornare. Mauris egestas vitae nunc vitae tincidunt. Donec sed risus consectetur, ultrices nisi vitae, varius nisl. Proin convallis dictum erat, in vestibulum orci faucibus ac. Donec non rutrum magna. Nam id neque sed neque blandit eleifend at in urna. Donec vel eleifend mauris. Nam sed vestibulum massa. Nam semper congue diam, nec malesuada lacus tempor sed. Vestibulum pretium purus at libero hendrerit, at vehicula lacus sollicitudin.\r\n\r\nIn id turpis ac erat aliquam suscipit. Etiam semper feugiat erat. Donec vitae metus at nisi congue accumsan. In porta, metus ac vestibulum ullamcorper, erat leo lacinia est, eget lobortis sem eros nec ligula. Ut turpis nisi, molestie sed vestibulum et, rutrum sit amet justo. Maecenas consequat vulputate sapien, pretium rutrum nunc suscipit eu. Phasellus pharetra elit mattis tincidunt pretium.\r\n\r\nAenean justo nunc, scelerisque non laoreet ut, pretium et mauris. Vestibulum venenatis faucibus massa, bibendum imperdiet risus varius non. Nulla porta lorem vitae mi dictum pellentesque. Fusce feugiat rhoncus quam et pellentesque. Quisque vestibulum at dui vel ullamcorper. Nam vitae volutpat purus. Praesent semper lorem id fermentum mollis. Fusce ac urna sodales, fringilla diam vitae, adipiscing est. Sed at nisi lacus. Nunc aliquam velit vitae est condimentum condimentum. Vivamus ac erat tempor, dignissim massa et, sollicitudin nibh.\r\n\r\nLorem ipsum dolor sit amet, consectetur adipiscing elit. Fusce commodo mauris id velit porttitor posuere. Ut ullamcorper mauris auctor, fermentum elit nec, vulputate sem. Nullam ut purus id quam ornare pulvinar. Maecenas in iaculis urna. Morbi ullamcorper dolor nibh, in vestibulum erat facilisis vehicula. Integer dictum elementum ligula a pretium. Donec eleifend consectetur enim non eleifend. Morbi hendrerit iaculis lorem, id vestibulum leo volutpat ac. Suspendisse libero purus, mattis eu ante ac, posuere tempor ante. Quisque fringilla, nunc auctor faucibus tincidunt, leo erat auctor mi, a pretium risus nisi vel nisl. Duis ut nibh convallis, bibendum nunc vitae, auctor nibh. Maecenas auctor risus at felis rhoncus, eu interdum lacus adipiscing. Nulla ipsum diam, tempus congue eros in, fermentum dapibus lectus. Praesent ac tristique nibh. Nunc consectetur tincidunt tempus. ", "title": "Noticia 2", "date": "23:49:48", "short_text": "Sensacional essa aqui, n\u00e3o?! Lorem ipsum dolor sit amet, consectetur adipiscing elit. Lorem ipsum dolor sit amet, consectetur adipiscing elit. "}},
{"pk": 3, "model": "broker.brokernew", "fields": {"category": "An\u00e1lise", "image_path": "bolsa.png", "full_text": "\r\n\r\nLorem ipsum dolor sit amet, consectetur adipiscing elit. In eleifend lectus in ipsum rutrum, sit amet malesuada tellus sollicitudin. Vivamus nec ante leo. Maecenas eget laoreet dolor. Fusce vulputate, dui sed volutpat lacinia, nibh dui aliquam magna, sed convallis augue augue vitae odio. Ut iaculis aliquam quam, non convallis lorem tempus et. Nulla rutrum velit justo, sed consequat nunc aliquam vitae. Pellentesque libero libero, lobortis sed neque ac, tincidunt tempus tortor. Quisque consequat nulla lectus, non posuere libero hendrerit tincidunt. In hac habitasse platea dictumst. Proin commodo ultrices massa at commodo. Maecenas rutrum orci eu dignissim imperdiet.\r\n\r\nIn neque nulla, suscipit sit amet dolor ac, egestas fringilla ipsum. Cras hendrerit tempus metus vitae commodo. Pellentesque urna mauris, porttitor et pulvinar sed, aliquet eget lectus. Donec eu magna id nisi lobortis mattis. Sed et diam quis justo venenatis ornare. Mauris egestas vitae nunc vitae tincidunt. Donec sed risus consectetur, ultrices nisi vitae, varius nisl. Proin convallis dictum erat, in vestibulum orci faucibus ac. Donec non rutrum magna. Nam id neque sed neque blandit eleifend at in urna. Donec vel eleifend mauris. Nam sed vestibulum massa. Nam semper congue diam, nec malesuada lacus tempor sed. Vestibulum pretium purus at libero hendrerit, at vehicula lacus sollicitudin.\r\n\r\nIn id turpis ac erat aliquam suscipit. Etiam semper feugiat erat. Donec vitae metus at nisi congue accumsan. In porta, metus ac vestibulum ullamcorper, erat leo lacinia est, eget lobortis sem eros nec ligula. Ut turpis nisi, molestie sed vestibulum et, rutrum sit amet justo. Maecenas consequat vulputate sapien, pretium rutrum nunc suscipit eu. Phasellus pharetra elit mattis tincidunt pretium.\r\n\r\nAenean justo nunc, scelerisque non laoreet ut, pretium et mauris. Vestibulum venenatis faucibus massa, bibendum imperdiet risus varius non. Nulla porta lorem vitae mi dictum pellentesque. Fusce feugiat rhoncus quam et pellentesque. Quisque vestibulum at dui vel ullamcorper. Nam vitae volutpat purus. Praesent semper lorem id fermentum mollis. Fusce ac urna sodales, fringilla diam vitae, adipiscing est. Sed at nisi lacus. Nunc aliquam velit vitae est condimentum condimentum. Vivamus ac erat tempor, dignissim massa et, sollicitudin nibh.\r\n\r\nLorem ipsum dolor sit amet, consectetur adipiscing elit. Fusce commodo mauris id velit porttitor posuere. Ut ullamcorper mauris auctor, fermentum elit nec, vulputate sem. Nullam ut purus id quam ornare pulvinar. Maecenas in iaculis urna. Morbi ullamcorper dolor nibh, in vestibulum erat facilisis vehicula. Integer dictum elementum ligula a pretium. Donec eleifend consectetur enim non eleifend. Morbi hendrerit iaculis lorem, id vestibulum leo volutpat ac. Suspendisse libero purus, mattis eu ante ac, posuere tempor ante. Quisque fringilla, nunc auctor faucibus tincidunt, leo erat auctor mi, a pretium risus nisi vel nisl. Duis ut nibh convallis, bibendum nunc vitae, auctor nibh. Maecenas auctor risus at felis rhoncus, eu interdum lacus adipiscing. Nulla ipsum diam, tempus congue eros in, fermentum dapibus lectus. Praesent ac tristique nibh. Nunc consectetur tincidunt tempus. ", "title": "Not\u00edcia 3", "date": "23:50:26", "short_text": "Bolsa em baixa, ser\u00e1 que cai mais ? Lorem ipsum dolor sit amet, consectetur adipiscing elit. "}},
{"pk": "2z5bku22nmgpyxfs2e6mgukmke0o8k2r", "model": "sessions.session", "fields": {"expire_date": "2013-12-17T19:52:55.078Z", "session_data": "ZjdjZmVjMjAzN2JkMTRhZGUwYTMwZmFhNjQwMTliOTFkYTQ5N2RlZDp7Il9hdXRoX3VzZXJfYmFja2VuZCI6ImRqYW5nby5jb250cmliLmF1dGguYmFja2VuZHMuTW9kZWxCYWNrZW5kIiwiX2F1dGhfdXNlcl9pZCI6Mn0="}},
{"pk": "3ne8vucwmym4wp3b66icsqzqlqlrhp3k", "model": "sessions.session", "fields": {"expire_date": "2014-02-18T10:37:01.548Z", "session_data": "ZjdjZmVjMjAzN2JkMTRhZGUwYTMwZmFhNjQwMTliOTFkYTQ5N2RlZDp7Il9hdXRoX3VzZXJfYmFja2VuZCI6ImRqYW5nby5jb250cmliLmF1dGguYmFja2VuZHMuTW9kZWxCYWNrZW5kIiwiX2F1dGhfdXNlcl9pZCI6Mn0="}},
{"pk": "4bnbq7vpx1qscqxqc2nyvyd8ysiec2q3", "model": "sessions.session", "fields": {"expire_date": "2013-11-20T03:12:25.702Z", "session_data": "OWViZjU2MDZkYTBkYTg1NDk5M2ZjNDVhYmFiZDk4YjU1MTI2NmMyZDp7fQ=="}},
{"pk": "5x1w8t81cypnwxy8g84us8rwpspptylz", "model": "sessions.session", "fields": {"expire_date": "2013-11-20T03:11:04.909Z", "session_data": "OWViZjU2MDZkYTBkYTg1NDk5M2ZjNDVhYmFiZDk4YjU1MTI2NmMyZDp7fQ=="}},
{"pk": "6u6dd3g9p9sl2nqt9kf36vcfmyrsf5rj", "model": "sessions.session", "fields": {"expire_date": "2014-02-17T02:25:21.008Z", "session_data": "MjI3NzM2ZDJiNTQ3NTFhOWEzOWU0MGRhZDg1ZmQ0M2JkYmJiMTI4Mjp7Il9hdXRoX3VzZXJfYmFja2VuZCI6ImRqYW5nby5jb250cmliLmF1dGguYmFja2VuZHMuTW9kZWxCYWNrZW5kIiwiX2F1dGhfdXNlcl9pZCI6MX0="}},
{"pk": "9q3ws3tabmdklrtgbb3cnrhtxr1phhe9", "model": "sessions.session", "fields": {"expire_date": "2013-12-18T02:08:13.044Z", "session_data": "ZjdjZmVjMjAzN2JkMTRhZGUwYTMwZmFhNjQwMTliOTFkYTQ5N2RlZDp7Il9hdXRoX3VzZXJfYmFja2VuZCI6ImRqYW5nby5jb250cmliLmF1dGguYmFja2VuZHMuTW9kZWxCYWNrZW5kIiwiX2F1dGhfdXNlcl9pZCI6Mn0="}},
{"pk": "bgoctdru2b2clc4u7cgkqmpkogrzm6jm", "model": "sessions.session", "fields": {"expire_date": "2013-11-21T20:28:33.418Z", "session_data": "ZjdjZmVjMjAzN2JkMTRhZGUwYTMwZmFhNjQwMTliOTFkYTQ5N2RlZDp7Il9hdXRoX3VzZXJfYmFja2VuZCI6ImRqYW5nby5jb250cmliLmF1dGguYmFja2VuZHMuTW9kZWxCYWNrZW5kIiwiX2F1dGhfdXNlcl9pZCI6Mn0="}},
{"pk": "j5pgrn9wv7jad75nm9lqbzd4fde9hrld", "model": "sessions.session", "fields": {"expire_date": "2013-11-20T12:57:40.275Z", "session_data": "OWViZjU2MDZkYTBkYTg1NDk5M2ZjNDVhYmFiZDk4YjU1MTI2NmMyZDp7fQ=="}},
{"pk": "jli66r7dnjmfr9r5nbc4clef9ipbi1rj", "model": "sessions.session", "fields": {"expire_date": "2013-11-20T12:56:48.969Z", "session_data": "OWViZjU2MDZkYTBkYTg1NDk5M2ZjNDVhYmFiZDk4YjU1MTI2NmMyZDp7fQ=="}},
{"pk": "kwgdybsapymfe87du5dli3zqameg5ph5", "model": "sessions.session", "fields": {"expire_date": "2014-02-18T04:56:33.570Z", "session_data": "ZjdjZmVjMjAzN2JkMTRhZGUwYTMwZmFhNjQwMTliOTFkYTQ5N2RlZDp7Il9hdXRoX3VzZXJfYmFja2VuZCI6ImRqYW5nby5jb250cmliLmF1dGguYmFja2VuZHMuTW9kZWxCYWNrZW5kIiwiX2F1dGhfdXNlcl9pZCI6Mn0="}},
{"pk": "m5yvz7ev9esmi2zfwr0yunppx07qriwi", "model": "sessions.session", "fields": {"expire_date": "2013-11-20T03:10:35.339Z", "session_data": "OWViZjU2MDZkYTBkYTg1NDk5M2ZjNDVhYmFiZDk4YjU1MTI2NmMyZDp7fQ=="}},
{"pk": "oofs0dtrzgjw7loqgx9qgxffmfoute33", "model": "sessions.session", "fields": {"expire_date": "2013-11-20T12:56:36.908Z", "session_data": "OWViZjU2MDZkYTBkYTg1NDk5M2ZjNDVhYmFiZDk4YjU1MTI2NmMyZDp7fQ=="}},
{"pk": "q1avw1mkrshdpyalwkwvemtntyto9w7g", "model": "sessions.session", "fields": {"expire_date": "2013-11-20T03:12:20.548Z", "session_data": "OWViZjU2MDZkYTBkYTg1NDk5M2ZjNDVhYmFiZDk4YjU1MTI2NmMyZDp7fQ=="}},
{"pk": "qjt35r5o533g0kjy7kamo3m3yq1uewtn", "model": "sessions.session", "fields": {"expire_date": "2013-12-04T03:55:46.991Z", "session_data": "NTM0NjBiYzI1ZDMzOGUyNDIxMTc3N2Q5YTJmMzhmMTQ1MDBiYTg0Yzp7Il9hdXRoX3VzZXJfYmFja2VuZCI6ImRqYW5nby5jb250cmliLmF1dGguYmFja2VuZHMuTW9kZWxCYWNrZW5kIiwiX2F1dGhfdXNlcl9pZCI6NH0="}},
{"pk": "scultb5xbid7guk7849gtq0hgmplgvrf", "model": "sessions.session", "fields": {"expire_date": "2013-11-20T03:11:25.408Z", "session_data": "OWViZjU2MDZkYTBkYTg1NDk5M2ZjNDVhYmFiZDk4YjU1MTI2NmMyZDp7fQ=="}},
{"pk": "ubduz2hhqqx65ub78pojef5emjh0zudu", "model": "sessions.session", "fields": {"expire_date": "2014-02-18T03:40:59.530Z", "session_data": "ZjdjZmVjMjAzN2JkMTRhZGUwYTMwZmFhNjQwMTliOTFkYTQ5N2RlZDp7Il9hdXRoX3VzZXJfYmFja2VuZCI6ImRqYW5nby5jb250cmliLmF1dGguYmFja2VuZHMuTW9kZWxCYWNrZW5kIiwiX2F1dGhfdXNlcl9pZCI6Mn0="}},
{"pk": "wg0lr81icawsn5hs5inh9i2vb7ehbml5", "model": "sessions.session", "fields": {"expire_date": "2013-12-18T18:03:19.740Z", "session_data": "ZjdjZmVjMjAzN2JkMTRhZGUwYTMwZmFhNjQwMTliOTFkYTQ5N2RlZDp7Il9hdXRoX3VzZXJfYmFja2VuZCI6ImRqYW5nby5jb250cmliLmF1dGguYmFja2VuZHMuTW9kZWxCYWNrZW5kIiwiX2F1dGhfdXNlcl9pZCI6Mn0="}},
{"pk": "yotrlhvqyg4aqoh93fviao528ejia4tm", "model": "sessions.session", "fields": {"expire_date": "2013-11-20T12:55:01.305Z", "session_data": "OWViZjU2MDZkYTBkYTg1NDk5M2ZjNDVhYmFiZDk4YjU1MTI2NmMyZDp7fQ=="}},
{"pk": 1, "model": "sites.site", "fields": {"domain": "example.com", "name": "example.com"}},
{"pk": 1, "model": "auth.permission", "fields": {"codename": "add_user", "name": "Can add user", "content_type": 1}},
{"pk": 2, "model": "auth.permission", "fields": {"codename": "change_user", "name": "Can change user", "content_type": 1}},
{"pk": 3, "model": "auth.permission", "fields": {"codename": "delete_user", "name": "Can delete user", "content_type": 1}},
{"pk": 4, "model": "auth.permission", "fields": {"codename": "add_stock", "name": "Can add stock", "content_type": 2}},
{"pk": 5, "model": "auth.permission", "fields": {"codename": "change_stock", "name": "Can change stock", "content_type": 2}},
{"pk": 6, "model": "auth.permission", "fields": {"codename": "delete_stock", "name": "Can delete stock", "content_type": 2}},
{"pk": 7, "model": "auth.permission", "fields": {"codename": "add_order", "name": "Can add order", "content_type": 3}},
{"pk": 8, "model": "auth.permission", "fields": {"codename": "change_order", "name": "Can change order", "content_type": 3}},
{"pk": 9, "model": "auth.permission", "fields": {"codename": "delete_order", "name": "Can delete order", "content_type": 3}},
{"pk": 10, "model": "auth.permission", "fields": {"codename": "add_portfolioitem", "name": "Can add portfolio item", "content_type": 4}},
{"pk": 11, "model": "auth.permission", "fields": {"codename": "change_portfolioitem", "name": "Can change portfolio item", "content_type": 4}},
{"pk": 12, "model": "auth.permission", "fields": {"codename": "delete_portfolioitem", "name": "Can delete portfolio item", "content_type": 4}},
{"pk": 13, "model": "auth.permission", "fields": {"codename": "add_historical", "name": "Can add historical", "content_type": 5}},
{"pk": 14, "model": "auth.permission", "fields": {"codename": "change_historical", "name": "Can change historical", "content_type": 5}},
{"pk": 15, "model": "auth.permission", "fields": {"codename": "delete_historical", "name": "Can delete historical", "content_type": 5}},
{"pk": 16, "model": "auth.permission", "fields": {"codename": "add_stockview", "name": "Can add stock view", "content_type": 6}},
{"pk": 17, "model": "auth.permission", "fields": {"codename": "change_stockview", "name": "Can change stock view", "content_type": 6}},
{"pk": 18, "model": "auth.permission", "fields": {"codename": "delete_stockview", "name": "Can delete stock view", "content_type": 6}},
{"pk": 19, "model": "auth.permission", "fields": {"codename": "add_permission", "name": "Can add permission", "content_type": 7}},
{"pk": 20, "model": "auth.permission", "fields": {"codename": "change_permission", "name": "Can change permission", "content_type": 7}},
{"pk": 21, "model": "auth.permission", "fields": {"codename": "delete_permission", "name": "Can delete permission", "content_type": 7}},
{"pk": 22, "model": "auth.permission", "fields": {"codename": "add_group", "name": "Can add group", "content_type": 8}},
{"pk": 23, "model": "auth.permission", "fields": {"codename": "change_group", "name": "Can change group", "content_type": 8}},
{"pk": 24, "model": "auth.permission", "fields": {"codename": "delete_group", "name": "Can delete group", "content_type": 8}},
{"pk": 25, "model": "auth.permission", "fields": {"codename": "add_user", "name": "Can add user", "content_type": 9}},
{"pk": 26, "model": "auth.permission", "fields": {"codename": "change_user", "name": "Can change user", "content_type": 9}},
{"pk": 27, "model": "auth.permission", "fields": {"codename": "delete_user", "name": "Can delete user", "content_type": 9}},
{"pk": 28, "model": "auth.permission", "fields": {"codename": "add_contenttype", "name": "Can add content type", "content_type": 10}},
{"pk": 29, "model": "auth.permission", "fields": {"codename": "change_contenttype", "name": "Can change content type", "content_type": 10}},
{"pk": 30, "model": "auth.permission", "fields": {"codename": "delete_contenttype", "name": "Can delete content type", "content_type": 10}},
{"pk": 31, "model": "auth.permission", "fields": {"codename": "add_session", "name": "Can add session", "content_type": 11}},
{"pk": 32, "model": "auth.permission", "fields": {"codename": "change_session", "name": "Can change session", "content_type": 11}},
{"pk": 33, "model": "auth.permission", "fields": {"codename": "delete_session", "name": "Can delete session", "content_type": 11}},
{"pk": 34, "model": "auth.permission", "fields": {"codename": "add_site", "name": "Can add site", "content_type": 12}},
{"pk": 35, "model": "auth.permission", "fields": {"codename": "change_site", "name": "Can change site", "content_type": 12}},
{"pk": 36, "model": "auth.permission", "fields": {"codename": "delete_site", "name": "Can delete site", "content_type": 12}},
{"pk": 37, "model": "auth.permission", "fields": {"codename": "add_logentry", "name": "Can add log entry", "content_type": 13}},
{"pk": 38, "model": "auth.permission", "fields": {"codename": "change_logentry", "name": "Can change log entry", "content_type": 13}},
{"pk": 39, "model": "auth.permission", "fields": {"codename": "delete_logentry", "name": "Can delete log entry", "content_type": 13}},
{"pk": 40, "model": "auth.permission", "fields": {"codename": "add_brokernew", "name": "Can add broker new", "content_type": 14}},
{"pk": 41, "model": "auth.permission", "fields": {"codename": "change_brokernew", "name": "Can change broker new", "content_type": 14}},
{"pk": 42, "model": "auth.permission", "fields": {"codename": "delete_brokernew", "name": "Can delete broker new", "content_type": 14}},
{"pk": 1, "model": "auth.user", "fields": {"username": "copabroker", "first_name": "", "last_name": "", "is_active": true, "is_superuser": true, "is_staff": true, "last_login": "2014-02-03T01:36:18.431Z", "groups": [], "user_permissions": [], "password": "pbkdf2_sha256$10000$3Q85m2l2ve3e$etJA0GglkDtFpnlf+mRl1QtiG99ka9ESi8hQ9mT1CHs=", "email": "copabroker@copabroker.com", "date_joined": "2013-11-06T12:50:26.821Z"}},
{"pk": 2, "model": "auth.user", "fields": {"username": "renan", "first_name": "", "last_name": "", "is_active": true, "is_superuser": false, "is_staff": false, "last_login": "2014-02-04T10:37:01.510Z", "groups": [], "user_permissions": [], "password": "pbkdf2_sha256$12000$4IwymklEYF4e$T10gPpIWl2JlTy+yGVw1sP0YQr3ppbPHLR5wOrHyEIs=", "email": "", "date_joined": "2013-11-06T12:52:02.437Z"}},
{"pk": 3, "model": "auth.user", "fields": {"username": "flaflu", "first_name": "", "last_name": "", "is_active": true, "is_superuser": false, "is_staff": false, "last_login": "2013-11-06T12:52:21.988Z", "groups": [], "user_permissions": [], "password": "pbkdf2_sha256$10000$eJu4GgkgNXHw$puZOxqJ65j5WVug2U4xKcyJzVHf/NU0IUWpIV/3hAuM=", "email": "", "date_joined": "2013-11-06T12:52:21.988Z"}},
{"pk": 4, "model": "auth.user", "fields": {"username": "felipe", "first_name": "", "last_name": "", "is_active": true, "is_superuser": false, "is_staff": false, "last_login": "2013-11-20T03:55:46.980Z", "groups": [], "user_permissions": [], "password": "pbkdf2_sha256$12000$2iTUVNjxSngU$yTTUSVkvfiQ6BXRP93MaND3EKy4kEhOoWWytdKcsmVg=", "email": "", "date_joined": "2013-11-06T12:52:32.155Z"}},
{"pk": 5, "model": "auth.user", "fields": {"username": "reidocamarote", "first_name": "", "last_name": "", "is_active": true, "is_superuser": false, "is_staff": false, "last_login": "2013-11-06T12:52:43.486Z", "groups": [], "user_permissions": [], "password": "pbkdf2_sha256$10000$5aaTGK6tlwat$HV5R5B6YWeuNDSi6/TRrdZ+iC4qW2/qwSm8++Hh0Nac=", "email": "", "date_joined": "2013-11-06T12:52:43.486Z"}},
{"pk": 1, "model": "admin.logentry", "fields": {"action_flag": 1, "action_time": "2013-11-06T12:52:02.568Z", "object_repr": "renan", "object_id": "2", "change_message": "", "user": 1, "content_type": 9}},
{"pk": 2, "model": "admin.logentry", "fields": {"action_flag": 1, "action_time": "2013-11-06T12:52:22.100Z", "object_repr": "flaflu", "object_id": "3", "change_message": "", "user": 1, "content_type": 9}},
{"pk": 3, "model": "admin.logentry", "fields": {"action_flag": 1, "action_time": "2013-11-06T12:52:32.273Z", "object_repr": "felipe", "object_id": "4", "change_message": "", "user": 1, "content_type": 9}},
{"pk": 4, "model": "admin.logentry", "fields": {"action_flag": 1, "action_time": "2013-11-06T12:52:43.636Z", "object_repr": "reidocamarote", "object_id": "5", "change_message": "", "user": 1, "content_type": 9}}]
